sector;country;cluster
01;AFG;0
01;AGO;2
01;ALB;0
01;ARE;0
01;ARG;2
01;ARM;0
01;AUS;2
01;AUT;2
01;AZE;0
01;BDI;1
01;BEL;2
01;BEN;1
01;BFA;1
01;BGD;2
01;BGR;2
01;BHR;0
01;BIH;2
01;BLR;2
01;BOL;1
01;BRA;2
01;BWA;0
01;CAF;1
01;CAN;2
01;CHE;2
01;CHL;0
01;CHN;0
01;CIV;1
01;CMR;1
01;COD;1
01;COG;1
01;COL;1
01;CRI;1
01;CUB;1
01;CYP;0
01;CZE;2
01;DEU;2
01;DJI;1
01;DNK;2
01;DOM;1
01;DZA;0
01;ECU;1
01;EGY;0
01;ERI;0
01;ESP;0
01;EST;2
01;ETH;1
01;FIN;2
01;FRA;2
01;GAB;1
01;GBR;2
01;GEO;0
01;GHA;1
01;GIN;1
01;GMB;1
01;GNB;1
01;GNQ;1
01;GRC;0
01;GTM;1
01;HKG;0
01;HND;1
01;HRV;2
01;HTI;1
01;HUN;2
01;IDN;1
01;IND;1
01;IRL;2
01;IRN;0
01;IRQ;0
01;ISR;0
01;ITA;0
01;JAM;1
01;JOR;0
01;JPN;0
01;KAZ;2
01;KEN;1
01;KGZ;0
01;KHM;1
01;KOR;0
01;KWT;0
01;LAO;1
01;LBN;0
01;LBR;1
01;LBY;2
01;LKA;1
01;LSO;0
01;LTU;2
01;LVA;2
01;MAR;0
01;MDA;2
01;MDG;1
01;MEX;0
01;MKD;0
01;MLI;2
01;MMR;2
01;MNG;2
01;MOZ;1
01;MRT;0
01;MUS;0
01;MWI;2
01;MYS;1
01;NAM;0
01;NER;2
01;NGA;1
01;NIC;1
01;NLD;0
01;NOR;2
01;NPL;1
01;NZL;0
01;OMN;0
01;PAK;2
01;PAN;1
01;PER;1
01;PHL;1
01;PNG;1
01;POL;2
01;PRK;0
01;PRT;0
01;PRY;2
01;PSE;0
01;QAT;0
01;ROU;2
01;RUS;2
01;RWA;1
01;SAU;2
01;SDN;2
01;SEN;1
01;SGP;1
01;SLE;1
01;SLV;2
01;SOM;0
01;SRB;2
01;SSD;0
01;SVK;2
01;SVN;2
01;SWE;2
01;SWZ;2
01;SYR;0
01;TCD;1
01;TGO;1
01;THA;2
01;TJK;0
01;TKM;0
01;TLS;1
01;TTO;1
01;TUN;0
01;TUR;0
01;TZA;1
01;UGA;1
01;UKR;2
01;URY;2
01;USA;2
01;UZB;0
01;VEN;1
01;VNM;1
01;YEM;1
01;ZAF;0
01;ZMB;2
01;ZWE;2
02;AFG;1
02;AGO;1
02;ALB;0
02;ARE;0
02;ARG;1
02;ARM;2
02;AUS;2
02;AUT;2
02;AZE;0
02;BDI;0
02;BEL;2
02;BEN;1
02;BFA;0
02;BGD;0
02;BGR;2
02;BHR;1
02;BIH;2
02;BLR;2
02;BOL;1
02;BRA;2
02;BWA;0
02;CAF;1
02;CAN;2
02;CHE;2
02;CHL;0
02;CHN;0
02;CIV;1
02;CMR;1
02;COD;1
02;COG;1
02;COL;1
02;CRI;1
02;CUB;0
02;CYP;0
02;CZE;2
02;DEU;2
02;DJI;1
02;DNK;2
02;DOM;1
02;DZA;0
02;ECU;1
02;EGY;0
02;ERI;1
02;ESP;0
02;EST;2
02;ETH;1
02;FIN;2
02;FRA;2
02;GAB;1
02;GBR;2
02;GEO;0
02;GHA;1
02;GIN;1
02;GMB;1
02;GNB;1
02;GNQ;1
02;GRC;2
02;GTM;0
02;HKG;0
02;HND;1
02;HRV;2
02;HTI;0
02;HUN;2
02;IDN;0
02;IND;0
02;IRL;2
02;IRN;0
02;IRQ;0
02;ISR;0
02;ITA;2
02;JAM;0
02;JOR;0
02;JPN;2
02;KAZ;2
02;KEN;0
02;KGZ;2
02;KHM;1
02;KOR;0
02;KWT;2
02;LAO;1
02;LBN;0
02;LBR;1
02;LBY;0
02;LKA;0
02;LSO;0
02;LTU;2
02;LVA;2
02;MAR;0
02;MDA;0
02;MDG;0
02;MEX;0
02;MKD;0
02;MLI;1
02;MMR;1
02;MNG;0
02;MOZ;1
02;MRT;2
02;MUS;1
02;MWI;2
02;MYS;1
02;NAM;1
02;NER;2
02;NGA;1
02;NIC;1
02;NLD;2
02;NOR;2
02;NPL;0
02;NZL;2
02;OMN;2
02;PAK;0
02;PAN;1
02;PER;0
02;PHL;0
02;PNG;1
02;POL;2
02;PRK;0
02;PRT;2
02;PRY;1
02;PSE;0
02;QAT;0
02;ROU;2
02;RUS;2
02;RWA;0
02;SAU;0
02;SDN;1
02;SEN;0
02;SGP;2
02;SLE;1
02;SLV;1
02;SOM;1
02;SRB;0
02;SSD;1
02;SVK;2
02;SVN;2
02;SWE;2
02;SWZ;1
02;SYR;0
02;TCD;2
02;TGO;1
02;THA;0
02;TJK;0
02;TKM;0
02;TLS;1
02;TTO;1
02;TUN;0
02;TUR;0
02;TZA;1
02;UGA;1
02;UKR;0
02;URY;2
02;USA;2
02;UZB;1
02;VEN;1
02;VNM;0
02;YEM;0
02;ZAF;2
02;ZMB;1
02;ZWE;2
05;AFG;3
05;AGO;3
05;ALB;2
05;ARE;0
05;ARG;1
05;ARM;5
05;AUS;0
05;AUT;0
05;AZE;3
05;BDI;2
05;BEL;5
05;BEN;5
05;BFA;4
05;BGD;0
05;BGR;0
05;BHR;1
05;BIH;4
05;BLR;4
05;BOL;1
05;BRA;3
05;BWA;2
05;CAN;2
05;CHE;4
05;CHL;4
05;CHN;0
05;CIV;1
05;CMR;6
05;COD;6
05;COG;6
05;COL;6
05;CRI;1
05;CUB;1
05;CYP;2
05;CZE;4
05;DEU;5
05;DJI;6
05;DNK;5
05;DOM;6
05;DZA;1
05;ECU;1
05;EGY;2
05;ESP;2
05;EST;5
05;ETH;3
05;FIN;5
05;FRA;2
05;GAB;4
05;GBR;2
05;GEO;5
05;GHA;1
05;GIN;3
05;GMB;1
05;GNB;3
05;GRC;2
05;GTM;1
05;HKG;4
05;HND;3
05;HRV;2
05;HTI;6
05;HUN;0
05;IDN;0
05;IND;0
05;IRL;2
05;IRN;2
05;ISR;6
05;ITA;2
05;JAM;5
05;JOR;3
05;JPN;0
05;KAZ;4
05;KEN;6
05;KGZ;5
05;KHM;2
05;KOR;0
05;KWT;5
05;LAO;6
05;LBN;4
05;LBR;3
05;LBY;1
05;LKA;3
05;LSO;4
05;LTU;5
05;LVA;5
05;MAR;1
05;MDA;4
05;MDG;0
05;MEX;1
05;MKD;5
05;MLI;3
05;MMR;2
05;MNG;4
05;MOZ;3
05;MRT;2
05;MUS;1
05;MWI;6
05;MYS;0
05;NAM;3
05;NER;3
05;NGA;6
05;NIC;1
05;NLD;2
05;NOR;5
05;NPL;6
05;NZL;2
05;OMN;1
05;PAK;2
05;PAN;1
05;PER;3
05;PHL;0
05;PNG;3
05;POL;5
05;PRK;4
05;PRT;2
05;PRY;6
05;PSE;3
05;QAT;6
05;ROU;0
05;RUS;4
05;RWA;2
05;SAU;2
05;SDN;3
05;SEN;2
05;SGP;0
05;SLE;1
05;SLV;1
05;SOM;2
05;SRB;4
05;SVK;4
05;SVN;2
05;SWE;5
05;SWZ;4
05;SYR;5
05;TCD;6
05;TGO;3
05;THA;0
05;TJK;6
05;TLS;4
05;TTO;1
05;TUN;2
05;TUR;2
05;TZA;0
05;UGA;1
05;UKR;6
05;URY;3
05;USA;5
05;UZB;5
05;VEN;1
05;VNM;0
05;YEM;1
05;ZAF;3
05;ZMB;6
05;ZWE;6
10;AFG;6
10;ALB;5
10;ARE;4
10;ARG;3
10;ARM;2
10;AUS;4
10;AUT;5
10;BEL;7
10;BEN;2
10;BGD;9
10;BGR;5
10;BHR;1
10;BIH;8
10;BLR;7
10;BRA;5
10;BWA;6
10;CAN;3
10;CHE;4
10;CHL;2
10;CHN;4
10;CIV;8
10;COL;6
10;CUB;1
10;CYP;1
10;CZE;3
10;DEU;3
10;DNK;8
10;DOM;8
10;ECU;2
10;EGY;4
10;ERI;2
10;ESP;7
10;EST;2
10;ETH;1
10;FIN;5
10;FRA;7
10;GBR;7
10;GEO;7
10;GHA;9
10;GIN;1
10;GRC;5
10;GTM;5
10;HKG;4
10;HND;5
10;HRV;3
10;HTI;2
10;HUN;3
10;IDN;6
10;IND;3
10;IRL;7
10;IRN;4
10;ISR;8
10;ITA;5
10;JOR;8
10;JPN;3
10;KAZ;4
10;KEN;7
10;KGZ;4
10;KHM;8
10;KOR;3
10;KWT;6
10;LAO;4
10;LBN;1
10;LKA;2
10;LSO;5
10;LTU;5
10;LVA;7
10;MAR;5
10;MDA;2
10;MDG;8
10;MEX;1
10;MKD;4
10;MLI;2
10;MMR;9
10;MNG;1
10;MOZ;6
10;MWI;9
10;MYS;7
10;NAM;6
10;NGA;3
10;NIC;2
10;NLD;7
10;NOR;7
10;NPL;0
10;NZL;4
10;OMN;9
10;PAK;4
10;PAN;2
10;PER;1
10;PHL;9
10;POL;4
10;PRT;3
10;QAT;1
10;ROU;3
10;RUS;4
10;SAU;4
10;SDN;0
10;SEN;5
10;SGP;4
10;SRB;3
10;SVK;3
10;SVN;5
10;SWE;5
10;SWZ;4
10;SYR;9
10;THA;4
10;TJK;4
10;TLS;2
10;TTO;2
10;TUN;2
10;TUR;7
10;TZA;6
10;UGA;0
10;UKR;1
10;USA;6
10;UZB;1
10;VEN;6
10;VNM;4
10;YEM;9
10;ZAF;4
10;ZMB;9
10;ZWE;6
11;AGO;3
11;ALB;0
11;ARE;3
11;ARG;2
11;AUS;3
11;AUT;7
11;AZE;2
11;BEL;1
11;BGD;0
11;BGR;1
11;BHR;0
11;BIH;2
11;BLR;0
11;BOL;4
11;BRA;0
11;BWA;1
11;CAN;2
11;CHE;1
11;CHL;6
11;CHN;1
11;CIV;0
11;CMR;3
11;COD;0
11;COG;0
11;COL;0
11;CYP;0
11;CZE;4
11;DEU;2
11;DNK;2
11;DOM;3
11;DZA;1
11;ECU;0
11;EGY;1
11;ESP;1
11;EST;1
11;FIN;3
11;FRA;1
11;GAB;0
11;GBR;1
11;GEO;0
11;GHA;0
11;GIN;3
11;GNQ;3
11;GRC;1
11;GTM;0
11;HKG;1
11;HND;0
11;HRV;2
11;HUN;2
11;IDN;1
11;IND;3
11;IRL;7
11;IRN;2
11;IRQ;0
11;ISR;2
11;ITA;1
11;JAM;0
11;JOR;5
11;JPN;1
11;KAZ;2
11;KEN;5
11;KGZ;0
11;KOR;0
11;KWT;0
11;LAO;2
11;LBN;0
11;LBR;0
11;LBY;1
11;LKA;6
11;LSO;8
11;LTU;1
11;LVA;1
11;MAR;5
11;MDA;0
11;MDG;3
11;MEX;0
11;MKD;4
11;MMR;7
11;MNG;0
11;MOZ;7
11;MUS;5
11;MWI;6
11;MYS;1
11;NAM;3
11;NER;5
11;NGA;3
11;NLD;1
11;NOR;1
11;NZL;3
11;OMN;3
11;PAK;0
11;PAN;0
11;PER;3
11;PHL;0
11;PNG;3
11;POL;0
11;PRT;2
11;QAT;3
11;ROU;2
11;RUS;1
11;SAU;0
11;SDN;0
11;SEN;0
11;SGP;3
11;SLV;0
11;SRB;2
11;SSD;0
11;SVK;2
11;SVN;4
11;SWE;1
11;SWZ;6
11;TCD;0
11;TGO;0
11;THA;3
11;TKM;2
11;TLS;0
11;TTO;1
11;TUN;0
11;TUR;2
11;TZA;3
11;UGA;0
11;UKR;4
11;USA;1
11;UZB;4
11;VEN;0
11;VNM;3
11;YEM;0
11;ZAF;1
11;ZMB;9
12;AUS;1
12;BEL;0
12;BRA;0
12;CAN;1
12;CHN;0
12;COG;0
12;DEU;2
12;DNK;0
12;FRA;0
12;GBR;0
12;HKG;0
12;HRV;0
12;IDN;0
12;ITA;2
12;KOR;0
12;MDG;0
12;MRT;1
12;MYS;0
12;NAM;1
12;NER;1
12;NGA;0
12;NLD;0
12;OMN;1
12;PER;1
12;RUS;1
12;SAU;0
12;SWE;1
12;THA;0
12;TTO;0
12;USA;0
12;VNM;0
12;ZAF;2
13;AFG;1
13;AGO;5
13;ALB;7
13;ARE;0
13;ARG;4
13;ARM;2
13;AUS;0
13;AUT;9
13;AZE;2
13;BDI;8
13;BEL;1
13;BEN;2
13;BFA;1
13;BGD;9
13;BGR;4
13;BHR;9
13;BIH;1
13;BLR;8
13;BOL;8
13;BRA;7
13;BWA;2
13;CAN;7
13;CHE;7
13;CHL;7
13;CHN;3
13;CIV;5
13;CMR;6
13;COD;2
13;COG;1
13;COL;2
13;CRI;6
13;CUB;8
13;CYP;2
13;CZE;3
13;DEU;0
13;DJI;2
13;DNK;5
13;DOM;2
13;DZA;9
13;ECU;2
13;EGY;3
13;ERI;2
13;ESP;4
13;EST;1
13;ETH;5
13;FIN;4
13;FRA;0
13;GAB;5
13;GBR;0
13;GEO;2
13;GHA;6
13;GIN;5
13;GMB;3
13;GNB;5
13;GNQ;5
13;GRC;4
13;GTM;7
13;HKG;8
13;HND;1
13;HRV;5
13;HUN;9
13;IDN;7
13;IND;9
13;IRL;1
13;IRN;7
13;IRQ;1
13;ISR;2
13;ITA;1
13;JAM;5
13;JOR;1
13;JPN;0
13;KAZ;0
13;KEN;3
13;KGZ;6
13;KHM;6
13;KOR;0
13;KWT;8
13;LAO;7
13;LBN;7
13;LBR;9
13;LBY;5
13;LKA;3
13;LSO;6
13;LTU;8
13;LVA;3
13;MAR;4
13;MDG;3
13;MEX;4
13;MKD;4
13;MLI;7
13;MMR;1
13;MNG;4
13;MOZ;3
13;MRT;7
13;MUS;3
13;MWI;8
13;MYS;0
13;NAM;4
13;NER;1
13;NGA;8
13;NIC;6
13;NLD;0
13;NOR;3
13;NPL;7
13;NZL;9
13;OMN;5
13;PAK;5
13;PAN;2
13;PER;4
13;PHL;7
13;PNG;2
13;POL;1
13;PRK;6
13;PRT;8
13;QAT;5
13;ROU;0
13;RUS;4
13;RWA;8
13;SAU;9
13;SDN;1
13;SEN;3
13;SGP;6
13;SLE;3
13;SLV;6
13;SOM;0
13;SRB;1
13;SVK;3
13;SVN;4
13;SWE;0
13;SWZ;1
13;TCD;2
13;TGO;5
13;THA;9
13;TJK;4
13;TTO;5
13;TUN;1
13;TUR;0
13;TZA;6
13;UGA;8
13;UKR;9
13;URY;2
13;USA;4
13;UZB;1
13;VEN;9
13;VNM;0
13;YEM;1
13;ZAF;0
13;ZMB;2
13;ZWE;8
14;AFG;4
14;AGO;1
14;ALB;5
14;ARE;1
14;ARG;4
14;ARM;1
14;AUS;1
14;AUT;0
14;AZE;4
14;BDI;3
14;BEL;1
14;BEN;2
14;BFA;4
14;BGD;2
14;BGR;5
14;BHR;3
14;BIH;2
14;BLR;2
14;BOL;5
14;BRA;4
14;BWA;1
14;CAF;1
14;CAN;1
14;CHE;3
14;CHL;4
14;CHN;5
14;CIV;0
14;CMR;0
14;COD;1
14;COG;1
14;COL;3
14;CRI;2
14;CUB;4
14;CYP;3
14;CZE;0
14;DEU;0
14;DJI;5
14;DNK;2
14;DOM;2
14;DZA;2
14;ECU;4
14;EGY;5
14;ERI;2
14;ESP;4
14;EST;5
14;ETH;4
14;FIN;0
14;FRA;2
14;GAB;2
14;GBR;0
14;GEO;4
14;GHA;2
14;GIN;1
14;GMB;2
14;GNB;2
14;GNQ;2
14;GRC;4
14;GTM;5
14;HKG;1
14;HND;2
14;HRV;4
14;HTI;1
14;HUN;0
14;IDN;3
14;IND;1
14;IRL;2
14;IRN;4
14;IRQ;3
14;ISR;2
14;ITA;4
14;JAM;2
14;JOR;2
14;JPN;1
14;KAZ;3
14;KEN;4
14;KGZ;5
14;KHM;1
14;KOR;0
14;KWT;3
14;LAO;1
14;LBN;1
14;LBR;2
14;LBY;3
14;LKA;1
14;LSO;1
14;LTU;0
14;LVA;2
14;MAR;5
14;MDA;4
14;MDG;1
14;MEX;5
14;MKD;4
14;MLI;3
14;MMR;3
14;MNG;5
14;MOZ;1
14;MRT;5
14;MUS;3
14;MWI;3
14;MYS;0
14;NAM;1
14;NER;5
14;NGA;5
14;NIC;4
14;NLD;0
14;NOR;4
14;NPL;5
14;NZL;0
14;OMN;2
14;PAK;5
14;PAN;5
14;PER;2
14;PHL;3
14;PNG;3
14;POL;0
14;PRK;2
14;PRT;5
14;PRY;2
14;PSE;5
14;QAT;3
14;ROU;0
14;RUS;1
14;RWA;1
14;SAU;1
14;SDN;4
14;SEN;0
14;SGP;3
14;SLE;1
14;SLV;4
14;SOM;3
14;SRB;0
14;SSD;1
14;SVK;0
14;SVN;5
14;SWE;0
14;SWZ;3
14;SYR;5
14;TCD;2
14;TGO;2
14;THA;0
14;TJK;5
14;TKM;3
14;TLS;3
14;TTO;3
14;TUN;5
14;TUR;4
14;TZA;1
14;UGA;4
14;UKR;0
14;URY;3
14;USA;0
14;UZB;2
14;VEN;3
14;VNM;0
14;YEM;4
14;ZAF;1
14;ZMB;3
14;ZWE;1
15;AFG;2
15;AGO;2
15;ALB;2
15;ARE;1
15;ARG;0
15;ARM;1
15;AUS;1
15;AUT;1
15;AZE;1
15;BDI;0
15;BEL;1
15;BEN;2
15;BFA;0
15;BGD;0
15;BGR;1
15;BHR;2
15;BIH;1
15;BLR;1
15;BOL;2
15;BRA;2
15;BWA;2
15;CAF;2
15;CAN;1
15;CHE;1
15;CHL;0
15;CHN;0
15;CIV;2
15;CMR;0
15;COD;0
15;COG;2
15;COL;2
15;CRI;2
15;CUB;0
15;CYP;2
15;CZE;1
15;DEU;1
15;DJI;0
15;DNK;1
15;DOM;2
15;DZA;2
15;ECU;2
15;EGY;1
15;ERI;1
15;ESP;1
15;EST;1
15;ETH;1
15;FIN;1
15;FRA;1
15;GAB;0
15;GBR;1
15;GEO;0
15;GHA;0
15;GIN;0
15;GMB;0
15;GNB;0
15;GNQ;2
15;GRC;1
15;GTM;0
15;HKG;2
15;HND;0
15;HRV;1
15;HTI;1
15;HUN;1
15;IDN;0
15;IND;2
15;IRL;1
15;IRN;0
15;IRQ;2
15;ISR;1
15;ITA;1
15;JAM;1
15;JOR;1
15;JPN;0
15;KAZ;1
15;KEN;0
15;KGZ;1
15;KHM;2
15;KOR;0
15;KWT;1
15;LAO;2
15;LBN;1
15;LBR;0
15;LBY;2
15;LKA;0
15;LSO;2
15;LTU;1
15;LVA;1
15;MAR;0
15;MDA;2
15;MDG;0
15;MEX;1
15;MKD;1
15;MLI;0
15;MMR;0
15;MNG;0
15;MOZ;2
15;MRT;0
15;MUS;2
15;MWI;2
15;MYS;0
15;NAM;2
15;NER;2
15;NGA;2
15;NIC;2
15;NLD;1
15;NOR;0
15;NPL;0
15;NZL;1
15;OMN;0
15;PAK;2
15;PAN;0
15;PER;2
15;PHL;0
15;PNG;0
15;POL;1
15;PRK;0
15;PRT;1
15;PRY;2
15;PSE;2
15;QAT;1
15;ROU;1
15;RUS;1
15;RWA;2
15;SAU;2
15;SDN;2
15;SEN;0
15;SGP;0
15;SLE;0
15;SLV;1
15;SOM;0
15;SRB;1
15;SSD;1
15;SVK;1
15;SVN;1
15;SWE;1
15;SWZ;0
15;SYR;1
15;TCD;2
15;TGO;2
15;THA;0
15;TJK;1
15;TKM;0
15;TLS;0
15;TTO;1
15;TUN;0
15;TUR;1
15;TZA;2
15;UGA;2
15;UKR;2
15;URY;1
15;USA;1
15;UZB;1
15;VEN;0
15;VNM;0
15;YEM;0
15;ZAF;2
15;ZMB;2
15;ZWE;2
16;AFG;6
16;AGO;3
16;ALB;0
16;ARE;0
16;ARG;0
16;ARM;7
16;AUS;7
16;AUT;9
16;AZE;0
16;BDI;3
16;BEL;1
16;BFA;4
16;BGD;1
16;BGR;1
16;BHR;2
16;BIH;7
16;BLR;0
16;BOL;2
16;BRA;5
16;BWA;0
16;CAN;0
16;CHE;1
16;CHL;2
16;CHN;0
16;CIV;0
16;CMR;8
16;COD;3
16;COG;3
16;COL;1
16;CRI;4
16;CUB;3
16;CYP;3
16;CZE;0
16;DEU;1
16;DNK;5
16;DOM;4
16;DZA;5
16;ECU;1
16;EGY;0
16;ESP;1
16;EST;1
16;ETH;2
16;FIN;1
16;FRA;9
16;GBR;1
16;GEO;7
16;GHA;2
16;GIN;2
16;GMB;3
16;GRC;7
16;GTM;3
16;HKG;3
16;HND;3
16;HRV;0
16;HUN;1
16;IDN;1
16;IND;7
16;IRL;1
16;IRN;2
16;IRQ;8
16;ISR;5
16;ITA;6
16;JAM;3
16;JOR;5
16;JPN;7
16;KAZ;7
16;KEN;5
16;KGZ;5
16;KHM;5
16;KOR;1
16;KWT;0
16;LAO;5
16;LBN;7
16;LBY;6
16;LKA;1
16;LSO;5
16;LTU;2
16;LVA;9
16;MAR;2
16;MDA;3
16;MDG;3
16;MEX;0
16;MKD;2
16;MLI;9
16;MMR;7
16;MNG;2
16;MOZ;0
16;MUS;2
16;MWI;8
16;MYS;5
16;NAM;3
16;NER;9
16;NGA;2
16;NIC;4
16;NLD;1
16;NOR;1
16;NPL;6
16;NZL;0
16;OMN;2
16;PAK;9
16;PAN;3
16;PER;1
16;PHL;5
16;PNG;2
16;POL;1
16;PRT;0
16;PRY;0
16;PSE;2
16;QAT;3
16;ROU;9
16;RUS;5
16;RWA;2
16;SAU;0
16;SDN;5
16;SEN;0
16;SGP;0
16;SLE;4
16;SLV;7
16;SOM;2
16;SRB;1
16;SSD;2
16;SVK;6
16;SVN;5
16;SWE;3
16;SWZ;1
16;SYR;2
16;TGO;3
16;THA;1
16;TJK;2
16;TLS;2
16;TTO;2
16;TUN;9
16;TUR;0
16;TZA;3
16;UGA;5
16;UKR;0
16;URY;0
16;USA;1
16;UZB;2
16;VEN;2
16;VNM;0
16;YEM;8
16;ZAF;7
16;ZMB;2
16;ZWE;0
17;AFG;2
17;AGO;0
17;ALB;1
17;ARE;0
17;ARG;0
17;ARM;1
17;AUS;0
17;AUT;0
17;AZE;2
17;BDI;1
17;BEL;0
17;BEN;2
17;BFA;2
17;BGD;1
17;BGR;1
17;BHR;2
17;BIH;0
17;BLR;0
17;BOL;2
17;BRA;0
17;BWA;0
17;CAF;1
17;CAN;0
17;CHE;1
17;CHL;0
17;CHN;0
17;CIV;2
17;CMR;1
17;COD;2
17;COG;2
17;COL;0
17;CRI;0
17;CUB;0
17;CYP;1
17;CZE;0
17;DEU;0
17;DJI;1
17;DNK;0
17;DOM;1
17;DZA;2
17;ECU;0
17;EGY;1
17;ERI;1
17;ESP;1
17;EST;2
17;ETH;1
17;FIN;0
17;FRA;0
17;GAB;0
17;GBR;0
17;GEO;1
17;GHA;2
17;GIN;1
17;GMB;2
17;GNB;2
17;GNQ;2
17;GRC;0
17;GTM;1
17;HKG;1
17;HND;1
17;HRV;1
17;HTI;1
17;HUN;0
17;IDN;1
17;IND;2
17;IRL;0
17;IRN;2
17;IRQ;1
17;ISR;0
17;ITA;0
17;JAM;0
17;JOR;1
17;JPN;0
17;KAZ;2
17;KEN;1
17;KGZ;1
17;KHM;1
17;KOR;2
17;KWT;1
17;LAO;1
17;LBN;2
17;LBR;0
17;LBY;2
17;LKA;1
17;LSO;1
17;LTU;1
17;LVA;1
17;MAR;1
17;MDA;1
17;MDG;1
17;MEX;1
17;MKD;1
17;MLI;2
17;MMR;1
17;MNG;2
17;MOZ;2
17;MRT;1
17;MUS;1
17;MWI;1
17;MYS;0
17;NAM;2
17;NER;2
17;NGA;2
17;NIC;1
17;NLD;0
17;NOR;0
17;NPL;2
17;NZL;0
17;OMN;2
17;PAK;0
17;PAN;1
17;PER;1
17;PHL;1
17;PNG;2
17;POL;0
17;PRK;2
17;PRT;1
17;PRY;0
17;PSE;1
17;QAT;2
17;ROU;1
17;RUS;0
17;RWA;1
17;SAU;0
17;SDN;2
17;SEN;2
17;SGP;1
17;SLE;1
17;SLV;1
17;SOM;1
17;SRB;0
17;SSD;1
17;SVK;0
17;SVN;0
17;SWE;0
17;SWZ;2
17;SYR;1
17;TCD;2
17;TGO;2
17;THA;0
17;TJK;2
17;TKM;2
17;TLS;0
17;TTO;2
17;TUN;1
17;TUR;0
17;TZA;1
17;UGA;2
17;UKR;1
17;URY;0
17;USA;0
17;UZB;2
17;VEN;0
17;VNM;2
17;YEM;0
17;ZAF;2
17;ZMB;2
17;ZWE;0
18;AFG;0
18;AGO;0
18;ALB;1
18;ARE;0
18;ARG;2
18;ARM;2
18;AUS;0
18;AUT;1
18;AZE;0
18;BDI;2
18;BEL;1
18;BEN;0
18;BFA;0
18;BGD;2
18;BGR;1
18;BHR;0
18;BIH;1
18;BLR;1
18;BOL;2
18;BRA;2
18;BWA;2
18;CAF;1
18;CAN;1
18;CHE;1
18;CHL;1
18;CHN;1
18;CIV;0
18;CMR;2
18;COD;0
18;COG;2
18;COL;2
18;CRI;2
18;CUB;2
18;CYP;0
18;CZE;1
18;DEU;1
18;DJI;2
18;DNK;1
18;DOM;1
18;DZA;0
18;ECU;0
18;EGY;2
18;ERI;2
18;ESP;1
18;EST;1
18;ETH;2
18;FIN;1
18;FRA;1
18;GAB;0
18;GBR;1
18;GEO;1
18;GHA;0
18;GIN;0
18;GMB;0
18;GNB;0
18;GNQ;0
18;GRC;1
18;GTM;2
18;HKG;1
18;HND;1
18;HRV;1
18;HTI;1
18;HUN;1
18;IDN;1
18;IND;2
18;IRL;1
18;IRN;2
18;IRQ;0
18;ISR;1
18;ITA;0
18;JAM;2
18;JOR;1
18;JPN;1
18;KAZ;1
18;KEN;1
18;KGZ;2
18;KHM;1
18;KOR;1
18;KWT;0
18;LAO;1
18;LBN;0
18;LBR;2
18;LBY;0
18;LKA;1
18;LSO;2
18;LTU;1
18;LVA;1
18;MAR;1
18;MDA;1
18;MDG;1
18;MEX;1
18;MKD;1
18;MLI;0
18;MMR;1
18;MNG;0
18;MOZ;2
18;MRT;1
18;MUS;2
18;MWI;1
18;MYS;2
18;NAM;2
18;NER;0
18;NGA;0
18;NIC;2
18;NLD;1
18;NOR;1
18;NPL;2
18;NZL;1
18;OMN;2
18;PAK;2
18;PAN;2
18;PER;2
18;PHL;1
18;PNG;0
18;POL;1
18;PRK;0
18;PRT;2
18;PRY;1
18;PSE;0
18;QAT;0
18;ROU;1
18;RUS;1
18;RWA;1
18;SAU;0
18;SDN;0
18;SEN;0
18;SGP;2
18;SLE;0
18;SLV;1
18;SOM;0
18;SRB;1
18;SSD;0
18;SVK;1
18;SVN;1
18;SWE;1
18;SWZ;2
18;SYR;0
18;TCD;0
18;TGO;0
18;THA;1
18;TJK;2
18;TKM;0
18;TLS;2
18;TTO;2
18;TUN;1
18;TUR;2
18;TZA;2
18;UGA;2
18;UKR;1
18;URY;2
18;USA;1
18;UZB;2
18;VEN;1
18;VNM;1
18;YEM;0
18;ZAF;2
18;ZMB;0
18;ZWE;2
19;AFG;0
19;AGO;0
19;ALB;1
19;ARE;1
19;ARG;0
19;ARM;1
19;AUS;0
19;AUT;1
19;AZE;0
19;BDI;0
19;BEL;1
19;BEN;1
19;BFA;0
19;BGD;1
19;BGR;1
19;BHR;1
19;BIH;1
19;BLR;1
19;BOL;0
19;BRA;0
19;BWA;1
19;CAF;0
19;CAN;1
19;CHE;1
19;CHL;0
19;CHN;1
19;CIV;0
19;CMR;0
19;COD;1
19;COG;1
19;COL;0
19;CRI;1
19;CUB;0
19;CYP;1
19;CZE;1
19;DEU;1
19;DJI;0
19;DNK;1
19;DOM;1
19;DZA;0
19;ECU;0
19;EGY;0
19;ERI;1
19;ESP;1
19;EST;1
19;ETH;0
19;FIN;1
19;FRA;1
19;GAB;1
19;GBR;1
19;GEO;0
19;GHA;0
19;GIN;0
19;GMB;1
19;GNB;0
19;GNQ;1
19;GRC;1
19;GTM;1
19;HKG;1
19;HND;1
19;HRV;1
19;HTI;0
19;HUN;1
19;IDN;1
19;IND;1
19;IRL;1
19;IRN;0
19;IRQ;0
19;ISR;1
19;ITA;1
19;JAM;1
19;JOR;1
19;JPN;1
19;KAZ;1
19;KEN;0
19;KGZ;1
19;KHM;1
19;KOR;0
19;KWT;1
19;LAO;1
19;LBN;1
19;LBR;1
19;LBY;0
19;LKA;1
19;LSO;1
19;LTU;1
19;LVA;1
19;MAR;1
19;MDA;1
19;MDG;1
19;MEX;1
19;MKD;1
19;MLI;0
19;MMR;1
19;MNG;0
19;MOZ;0
19;MRT;0
19;MUS;1
19;MWI;0
19;MYS;1
19;NAM;0
19;NER;0
19;NGA;0
19;NIC;0
19;NLD;1
19;NOR;1
19;NPL;0
19;NZL;0
19;OMN;1
19;PAK;0
19;PAN;1
19;PER;1
19;PHL;1
19;PNG;1
19;POL;1
19;PRK;1
19;PRT;1
19;PRY;0
19;PSE;1
19;QAT;1
19;ROU;1
19;RUS;1
19;RWA;0
19;SAU;0
19;SDN;0
19;SEN;0
19;SGP;1
19;SLE;1
19;SLV;1
19;SOM;0
19;SRB;1
19;SSD;0
19;SVK;1
19;SVN;1
19;SWE;1
19;SWZ;1
19;SYR;0
19;TCD;1
19;TGO;0
19;THA;0
19;TJK;0
19;TKM;0
19;TLS;0
19;TTO;1
19;TUN;1
19;TUR;1
19;TZA;0
19;UGA;0
19;UKR;1
19;URY;0
19;USA;1
19;UZB;0
19;VEN;0
19;VNM;1
19;YEM;0
19;ZAF;0
19;ZMB;0
19;ZWE;1
20;AFG;1
20;AGO;1
20;ALB;0
20;ARE;0
20;ARG;0
20;ARM;0
20;AUS;1
20;AUT;0
20;AZE;0
20;BDI;2
20;BEL;0
20;BEN;1
20;BFA;2
20;BGD;2
20;BGR;0
20;BHR;0
20;BIH;0
20;BLR;0
20;BOL;1
20;BRA;0
20;BWA;2
20;CAF;1
20;CAN;0
20;CHE;0
20;CHL;0
20;CHN;2
20;CIV;1
20;CMR;1
20;COD;1
20;COG;1
20;COL;1
20;CRI;2
20;CUB;2
20;CYP;0
20;CZE;0
20;DEU;0
20;DJI;2
20;DNK;0
20;DOM;2
20;DZA;2
20;ECU;0
20;EGY;2
20;ERI;2
20;ESP;0
20;EST;0
20;ETH;2
20;FIN;0
20;FRA;0
20;GAB;1
20;GBR;0
20;GEO;0
20;GHA;1
20;GIN;1
20;GMB;1
20;GNB;1
20;GNQ;1
20;GRC;0
20;GTM;0
20;HKG;2
20;HND;2
20;HRV;0
20;HTI;2
20;HUN;0
20;IDN;1
20;IND;2
20;IRL;0
20;IRN;2
20;IRQ;2
20;ISR;2
20;ITA;0
20;JAM;2
20;JOR;0
20;JPN;0
20;KAZ;0
20;KEN;2
20;KGZ;0
20;KHM;1
20;KOR;0
20;KWT;2
20;LAO;1
20;LBN;2
20;LBR;1
20;LBY;0
20;LKA;2
20;LSO;0
20;LTU;0
20;LVA;0
20;MAR;2
20;MDA;0
20;MDG;1
20;MEX;0
20;MKD;2
20;MLI;1
20;MMR;1
20;MNG;1
20;MOZ;1
20;MRT;2
20;MUS;2
20;MWI;1
20;MYS;0
20;NAM;0
20;NER;1
20;NGA;1
20;NIC;1
20;NLD;0
20;NOR;0
20;NPL;2
20;NZL;0
20;OMN;0
20;PAK;2
20;PAN;2
20;PER;1
20;PHL;2
20;PNG;1
20;POL;0
20;PRK;2
20;PRT;0
20;PRY;1
20;PSE;2
20;QAT;2
20;ROU;0
20;RUS;0
20;RWA;2
20;SAU;2
20;SDN;1
20;SEN;2
20;SGP;1
20;SLE;1
20;SLV;2
20;SOM;2
20;SRB;0
20;SSD;1
20;SVK;0
20;SVN;0
20;SWE;0
20;SWZ;1
20;SYR;2
20;TCD;2
20;TGO;1
20;THA;1
20;TJK;0
20;TKM;0
20;TLS;1
20;TTO;1
20;TUN;2
20;TUR;0
20;TZA;1
20;UGA;2
20;UKR;0
20;URY;1
20;USA;0
20;UZB;0
20;VEN;1
20;VNM;2
20;YEM;2
20;ZAF;0
20;ZMB;1
20;ZWE;0
21;AFG;1
21;AGO;1
21;ALB;2
21;ARE;0
21;ARG;0
21;ARM;2
21;AUS;0
21;AUT;0
21;AZE;1
21;BDI;1
21;BEL;0
21;BEN;2
21;BFA;2
21;BGD;0
21;BGR;0
21;BHR;1
21;BIH;1
21;BLR;0
21;BOL;1
21;BRA;0
21;BWA;1
21;CAF;2
21;CAN;0
21;CHE;0
21;CHL;0
21;CHN;0
21;CIV;1
21;CMR;1
21;COD;1
21;COG;1
21;COL;1
21;CRI;1
21;CUB;1
21;CYP;1
21;CZE;0
21;DEU;0
21;DJI;0
21;DNK;0
21;DOM;2
21;DZA;2
21;ECU;1
21;EGY;1
21;ERI;2
21;ESP;0
21;EST;0
21;ETH;2
21;FIN;0
21;FRA;0
21;GAB;1
21;GBR;0
21;GEO;0
21;GHA;2
21;GIN;0
21;GMB;1
21;GNB;2
21;GNQ;2
21;GRC;0
21;GTM;2
21;HKG;0
21;HND;2
21;HRV;0
21;HTI;2
21;HUN;1
21;IDN;0
21;IND;0
21;IRL;0
21;IRN;1
21;IRQ;2
21;ISR;0
21;ITA;0
21;JAM;1
21;JOR;1
21;JPN;0
21;KAZ;2
21;KEN;0
21;KGZ;1
21;KHM;2
21;KOR;0
21;KWT;2
21;LAO;1
21;LBN;0
21;LBR;1
21;LBY;2
21;LKA;2
21;LSO;2
21;LTU;0
21;LVA;0
21;MAR;2
21;MDA;2
21;MDG;2
21;MEX;2
21;MKD;2
21;MLI;2
21;MMR;1
21;MNG;2
21;MOZ;2
21;MRT;2
21;MUS;1
21;MWI;2
21;MYS;0
21;NAM;1
21;NER;2
21;NGA;1
21;NIC;2
21;NLD;0
21;NOR;0
21;NPL;1
21;NZL;0
21;OMN;2
21;PAK;0
21;PAN;0
21;PER;1
21;PHL;1
21;PNG;1
21;POL;0
21;PRK;2
21;PRT;0
21;PRY;1
21;PSE;2
21;QAT;1
21;ROU;1
21;RUS;0
21;RWA;2
21;SAU;1
21;SDN;1
21;SEN;2
21;SGP;0
21;SLE;2
21;SLV;2
21;SOM;2
21;SRB;1
21;SSD;2
21;SVK;0
21;SVN;0
21;SWE;0
21;SWZ;1
21;SYR;2
21;TCD;2
21;TGO;2
21;THA;0
21;TJK;2
21;TKM;2
21;TLS;2
21;TTO;2
21;TUN;2
21;TUR;0
21;TZA;1
21;UGA;1
21;UKR;1
21;URY;0
21;USA;0
21;UZB;1
21;VEN;0
21;VNM;1
21;YEM;0
21;ZAF;0
21;ZMB;1
21;ZWE;2
22;AFG;1
22;AGO;0
22;ALB;1
22;ARE;0
22;ARG;0
22;ARM;0
22;AUS;0
22;AUT;0
22;AZE;1
22;BDI;1
22;BEL;0
22;BEN;1
22;BFA;0
22;BGD;0
22;BGR;0
22;BHR;1
22;BIH;0
22;BLR;0
22;BOL;1
22;BRA;0
22;BWA;0
22;CAF;1
22;CAN;0
22;CHE;0
22;CHL;0
22;CHN;0
22;CIV;0
22;CMR;0
22;COD;1
22;COG;1
22;COL;0
22;CRI;1
22;CUB;1
22;CYP;0
22;CZE;0
22;DEU;0
22;DJI;0
22;DNK;0
22;DOM;0
22;DZA;0
22;ECU;0
22;EGY;0
22;ERI;1
22;ESP;0
22;EST;0
22;ETH;1
22;FIN;0
22;FRA;0
22;GAB;0
22;GBR;0
22;GEO;0
22;GHA;0
22;GIN;1
22;GMB;1
22;GNB;1
22;GNQ;0
22;GRC;0
22;GTM;1
22;HKG;1
22;HND;0
22;HRV;0
22;HTI;1
22;HUN;0
22;IDN;0
22;IND;0
22;IRL;0
22;IRN;0
22;IRQ;1
22;ISR;0
22;ITA;0
22;JAM;0
22;JOR;0
22;JPN;0
22;KAZ;0
22;KEN;1
22;KGZ;1
22;KHM;0
22;KOR;1
22;KWT;0
22;LAO;1
22;LBN;1
22;LBR;1
22;LBY;1
22;LKA;1
22;LSO;0
22;LTU;0
22;LVA;0
22;MAR;0
22;MDA;0
22;MDG;1
22;MEX;0
22;MKD;0
22;MLI;0
22;MMR;0
22;MNG;1
22;MOZ;1
22;MRT;0
22;MUS;0
22;MWI;1
22;MYS;1
22;NAM;0
22;NER;1
22;NGA;0
22;NIC;0
22;NLD;0
22;NOR;0
22;NPL;0
22;NZL;0
22;OMN;1
22;PAK;0
22;PAN;0
22;PER;1
22;PHL;1
22;PNG;1
22;POL;0
22;PRK;1
22;PRT;0
22;PRY;0
22;PSE;0
22;QAT;0
22;ROU;0
22;RUS;1
22;RWA;1
22;SAU;0
22;SDN;1
22;SEN;1
22;SGP;0
22;SLE;0
22;SLV;0
22;SOM;1
22;SRB;0
22;SSD;1
22;SVK;0
22;SVN;0
22;SWE;0
22;SWZ;1
22;SYR;1
22;TCD;1
22;TGO;0
22;THA;0
22;TJK;1
22;TKM;1
22;TLS;1
22;TTO;0
22;TUN;0
22;TUR;0
22;TZA;1
22;UGA;0
22;UKR;0
22;URY;0
22;USA;0
22;UZB;1
22;VEN;1
22;VNM;0
22;YEM;1
22;ZAF;0
22;ZMB;1
22;ZWE;1
23;AFG;2
23;AGO;2
23;ALB;2
23;ARE;2
23;ARG;2
23;ARM;0
23;AUS;1
23;AUT;1
23;AZE;0
23;BEL;1
23;BEN;0
23;BFA;0
23;BGD;0
23;BGR;1
23;BHR;2
23;BIH;1
23;BLR;2
23;BOL;2
23;BRA;0
23;BWA;1
23;CAN;1
23;CHE;2
23;CHL;2
23;CHN;1
23;CIV;0
23;CMR;0
23;COD;0
23;COG;2
23;COL;0
23;CRI;1
23;CUB;0
23;CYP;2
23;CZE;1
23;DEU;1
23;DNK;1
23;DOM;2
23;DZA;2
23;ECU;1
23;EGY;1
23;ESP;1
23;EST;2
23;ETH;1
23;FIN;0
23;FRA;1
23;GAB;0
23;GBR;1
23;GEO;0
23;GHA;2
23;GIN;1
23;GNQ;2
23;GRC;0
23;GTM;2
23;HKG;1
23;HND;2
23;HRV;2
23;HTI;1
23;HUN;1
23;IDN;1
23;IND;1
23;IRL;0
23;IRN;0
23;IRQ;2
23;ISR;1
23;ITA;1
23;JAM;0
23;JOR;1
23;JPN;1
23;KAZ;2
23;KEN;0
23;KGZ;2
23;KHM;2
23;KOR;2
23;KWT;2
23;LAO;0
23;LBN;2
23;LBR;0
23;LBY;2
23;LKA;2
23;LSO;1
23;LTU;2
23;LVA;2
23;MAR;1
23;MDA;0
23;MDG;2
23;MEX;1
23;MKD;2
23;MLI;0
23;MMR;0
23;MNG;1
23;MOZ;2
23;MRT;0
23;MUS;2
23;MWI;0
23;MYS;1
23;NAM;1
23;NER;1
23;NGA;2
23;NIC;0
23;NLD;1
23;NOR;2
23;NPL;0
23;NZL;2
23;OMN;2
23;PAK;1
23;PAN;0
23;PER;0
23;PHL;0
23;PNG;2
23;POL;1
23;PRK;2
23;PRT;2
23;PRY;0
23;QAT;2
23;ROU;2
23;RUS;1
23;RWA;1
23;SAU;2
23;SDN;0
23;SEN;0
23;SGP;1
23;SLE;2
23;SLV;2
23;SRB;2
23;SVK;2
23;SVN;0
23;SWE;1
23;SWZ;0
23;TCD;1
23;TGO;0
23;THA;1
23;TKM;0
23;TLS;2
23;TTO;2
23;TUN;2
23;TUR;1
23;TZA;0
23;UGA;0
23;UKR;1
23;URY;1
23;USA;2
23;UZB;1
23;VEN;0
23;VNM;0
23;YEM;0
23;ZAF;1
23;ZMB;1
23;ZWE;1
24;AFG;1
24;AGO;2
24;ALB;2
24;ARE;1
24;ARG;0
24;ARM;0
24;AUS;0
24;AUT;0
24;AZE;1
24;BDI;2
24;BEL;0
24;BEN;2
24;BFA;0
24;BGD;2
24;BGR;2
24;BHR;1
24;BIH;2
24;BLR;1
24;BOL;1
24;BRA;0
24;BWA;2
24;CAF;0
24;CAN;0
24;CHE;0
24;CHL;1
24;CHN;0
24;CIV;2
24;CMR;2
24;COD;2
24;COG;2
24;COL;2
24;CRI;0
24;CUB;0
24;CYP;0
24;CZE;2
24;DEU;0
24;DJI;1
24;DNK;0
24;DOM;0
24;DZA;1
24;ECU;1
24;EGY;1
24;ERI;0
24;ESP;0
24;EST;1
24;ETH;2
24;FIN;1
24;FRA;0
24;GAB;1
24;GBR;0
24;GEO;2
24;GHA;1
24;GIN;0
24;GMB;2
24;GNB;2
24;GNQ;0
24;GRC;2
24;GTM;2
24;HKG;2
24;HND;1
24;HRV;0
24;HTI;1
24;HUN;0
24;IDN;1
24;IND;0
24;IRL;0
24;IRN;1
24;IRQ;2
24;ISR;0
24;ITA;0
24;JAM;2
24;JOR;2
24;JPN;0
24;KAZ;1
24;KEN;2
24;KGZ;0
24;KHM;2
24;KOR;2
24;KWT;2
24;LAO;1
24;LBN;2
24;LBR;0
24;LBY;1
24;LKA;2
24;LSO;0
24;LTU;1
24;LVA;0
24;MAR;1
24;MDA;2
24;MDG;1
24;MEX;2
24;MKD;0
24;MLI;1
24;MMR;2
24;MNG;2
24;MOZ;1
24;MRT;1
24;MUS;1
24;MWI;1
24;MYS;1
24;NAM;2
24;NER;1
24;NGA;1
24;NIC;0
24;NLD;0
24;NOR;1
24;NPL;2
24;NZL;0
24;OMN;1
24;PAK;0
24;PAN;2
24;PER;2
24;PHL;1
24;PNG;2
24;POL;2
24;PRK;0
24;PRT;0
24;PRY;0
24;PSE;0
24;QAT;1
24;ROU;1
24;RUS;1
24;RWA;2
24;SAU;1
24;SDN;2
24;SEN;2
24;SGP;1
24;SLE;0
24;SLV;2
24;SOM;2
24;SRB;2
24;SSD;2
24;SVK;0
24;SVN;0
24;SWE;0
24;SWZ;2
24;SYR;2
24;TCD;2
24;TGO;2
24;THA;1
24;TJK;1
24;TKM;1
24;TLS;2
24;TTO;1
24;TUN;2
24;TUR;2
24;TZA;1
24;UGA;2
24;UKR;1
24;URY;0
24;USA;0
24;UZB;1
24;VEN;1
24;VNM;2
24;YEM;1
24;ZAF;0
24;ZMB;2
24;ZWE;0
25;AFG;2
25;AGO;0
25;ALB;0
25;ARE;1
25;ARG;0
25;ARM;2
25;AUS;0
25;AUT;2
25;AZE;1
25;BDI;0
25;BEL;2
25;BEN;0
25;BFA;0
25;BGD;0
25;BGR;2
25;BHR;1
25;BIH;0
25;BLR;2
25;BOL;0
25;BRA;2
25;BWA;0
25;CAF;1
25;CAN;2
25;CHE;2
25;CHL;1
25;CHN;2
25;CIV;0
25;CMR;2
25;COD;0
25;COG;0
25;COL;0
25;CRI;0
25;CUB;1
25;CYP;0
25;CZE;2
25;DEU;2
25;DJI;1
25;DNK;2
25;DOM;1
25;DZA;1
25;ECU;1
25;EGY;1
25;ERI;2
25;ESP;2
25;EST;2
25;ETH;1
25;FIN;2
25;FRA;2
25;GAB;0
25;GBR;2
25;GEO;0
25;GHA;1
25;GIN;1
25;GMB;0
25;GNB;2
25;GNQ;2
25;GRC;1
25;GTM;1
25;HKG;2
25;HND;1
25;HRV;2
25;HTI;0
25;HUN;2
25;IDN;2
25;IND;2
25;IRL;2
25;IRN;0
25;IRQ;2
25;ISR;1
25;ITA;2
25;JAM;0
25;JOR;1
25;JPN;2
25;KAZ;2
25;KEN;1
25;KGZ;0
25;KHM;1
25;KOR;2
25;KWT;0
25;LAO;0
25;LBN;1
25;LBR;2
25;LBY;1
25;LKA;2
25;LSO;0
25;LTU;0
25;LVA;0
25;MAR;1
25;MDA;0
25;MDG;0
25;MEX;2
25;MKD;0
25;MLI;2
25;MMR;0
25;MNG;2
25;MOZ;0
25;MRT;1
25;MUS;0
25;MWI;1
25;MYS;1
25;NAM;0
25;NER;0
25;NGA;1
25;NIC;1
25;NLD;2
25;NOR;2
25;NPL;1
25;NZL;0
25;OMN;1
25;PAK;1
25;PAN;1
25;PER;1
25;PHL;2
25;PNG;0
25;POL;2
25;PRK;2
25;PRT;1
25;PRY;1
25;PSE;1
25;QAT;2
25;ROU;2
25;RUS;2
25;RWA;1
25;SAU;1
25;SDN;1
25;SEN;1
25;SGP;2
25;SLE;2
25;SLV;1
25;SOM;2
25;SRB;2
25;SSD;0
25;SVK;2
25;SVN;2
25;SWE;2
25;SWZ;0
25;SYR;1
25;TCD;2
25;TGO;1
25;THA;2
25;TJK;0
25;TKM;1
25;TLS;1
25;TTO;0
25;TUN;2
25;TUR;2
25;TZA;1
25;UGA;1
25;UKR;2
25;URY;1
25;USA;2
25;UZB;0
25;VEN;0
25;VNM;1
25;YEM;0
25;ZAF;0
25;ZMB;0
25;ZWE;0
26;AFG;1
26;AGO;0
26;ALB;0
26;ARE;1
26;ARG;1
26;ARM;1
26;AUS;2
26;AUT;2
26;AZE;0
26;BDI;0
26;BEL;2
26;BEN;0
26;BFA;0
26;BGD;0
26;BGR;1
26;BHR;2
26;BIH;0
26;BLR;2
26;BOL;0
26;BRA;1
26;BWA;0
26;CAF;1
26;CAN;2
26;CHE;2
26;CHL;2
26;CHN;1
26;CIV;0
26;CMR;0
26;COD;2
26;COG;0
26;COL;1
26;CRI;0
26;CUB;0
26;CYP;0
26;CZE;2
26;DEU;2
26;DJI;1
26;DNK;2
26;DOM;1
26;DZA;0
26;ECU;1
26;EGY;1
26;ERI;2
26;ESP;1
26;EST;0
26;ETH;0
26;FIN;2
26;FRA;2
26;GAB;2
26;GBR;2
26;GEO;2
26;GHA;1
26;GIN;1
26;GMB;2
26;GNB;0
26;GNQ;2
26;GRC;0
26;GTM;1
26;HKG;2
26;HND;1
26;HRV;2
26;HTI;1
26;HUN;2
26;IDN;1
26;IND;1
26;IRL;2
26;IRN;1
26;IRQ;2
26;ISR;2
26;ITA;1
26;JAM;0
26;JOR;0
26;JPN;2
26;KAZ;0
26;KEN;0
26;KGZ;0
26;KHM;1
26;KOR;2
26;KWT;2
26;LAO;0
26;LBN;1
26;LBR;1
26;LBY;2
26;LKA;1
26;LSO;2
26;LTU;2
26;LVA;2
26;MAR;1
26;MDA;0
26;MDG;2
26;MEX;2
26;MKD;0
26;MLI;0
26;MMR;1
26;MNG;2
26;MOZ;0
26;MRT;1
26;MUS;2
26;MWI;2
26;MYS;1
26;NAM;0
26;NER;0
26;NGA;0
26;NIC;0
26;NLD;2
26;NOR;2
26;NPL;1
26;NZL;0
26;OMN;1
26;PAK;0
26;PAN;1
26;PER;1
26;PHL;1
26;PNG;2
26;POL;2
26;PRK;0
26;PRT;1
26;PRY;0
26;PSE;2
26;QAT;2
26;ROU;2
26;RUS;2
26;RWA;0
26;SAU;0
26;SDN;1
26;SEN;0
26;SGP;2
26;SLE;2
26;SLV;0
26;SOM;1
26;SRB;0
26;SSD;2
26;SVK;2
26;SVN;2
26;SWE;2
26;SWZ;0
26;SYR;1
26;TCD;2
26;TGO;0
26;THA;1
26;TJK;0
26;TKM;1
26;TLS;1
26;TTO;0
26;TUN;1
26;TUR;1
26;TZA;0
26;UGA;0
26;UKR;1
26;URY;0
26;USA;2
26;UZB;1
26;VEN;1
26;VNM;1
26;YEM;1
26;ZAF;1
26;ZMB;0
26;ZWE;1
27;AFG;1
27;AGO;2
27;ALB;2
27;ARE;1
27;ARG;2
27;ARM;1
27;AUS;0
27;AUT;2
27;AZE;2
27;BDI;1
27;BEL;0
27;BEN;1
27;BFA;1
27;BGD;2
27;BGR;0
27;BHR;2
27;BIH;2
27;BLR;2
27;BOL;1
27;BRA;0
27;BWA;1
27;CAF;1
27;CAN;0
27;CHE;1
27;CHL;1
27;CHN;2
27;CIV;1
27;CMR;1
27;COD;0
27;COG;1
27;COL;1
27;CRI;2
27;CUB;1
27;CYP;2
27;CZE;2
27;DEU;0
27;DJI;1
27;DNK;2
27;DOM;1
27;DZA;2
27;ECU;2
27;EGY;2
27;ERI;1
27;ESP;0
27;EST;2
27;ETH;1
27;FIN;2
27;FRA;0
27;GAB;0
27;GBR;0
27;GEO;0
27;GHA;1
27;GIN;1
27;GMB;1
27;GNB;1
27;GNQ;1
27;GRC;2
27;GTM;0
27;HKG;1
27;HND;2
27;HRV;0
27;HTI;0
27;HUN;2
27;IDN;0
27;IND;0
27;IRL;2
27;IRN;0
27;IRQ;1
27;ISR;0
27;ITA;2
27;JAM;0
27;JOR;0
27;JPN;0
27;KAZ;0
27;KEN;2
27;KGZ;1
27;KHM;1
27;KOR;2
27;KWT;0
27;LAO;1
27;LBN;1
27;LBR;1
27;LBY;1
27;LKA;2
27;LSO;2
27;LTU;2
27;LVA;2
27;MAR;0
27;MDA;0
27;MDG;1
27;MEX;0
27;MKD;0
27;MLI;1
27;MMR;0
27;MNG;1
27;MOZ;1
27;MRT;1
27;MUS;2
27;MWI;1
27;MYS;0
27;NAM;0
27;NER;1
27;NGA;1
27;NIC;1
27;NLD;2
27;NOR;0
27;NPL;0
27;NZL;1
27;OMN;2
27;PAK;0
27;PAN;1
27;PER;0
27;PHL;1
27;PNG;1
27;POL;0
27;PRK;0
27;PRT;2
27;PRY;2
27;PSE;1
27;QAT;0
27;ROU;2
27;RUS;0
27;RWA;1
27;SAU;2
27;SDN;1
27;SEN;1
27;SGP;1
27;SLE;2
27;SLV;2
27;SOM;1
27;SRB;2
27;SSD;1
27;SVK;2
27;SVN;2
27;SWE;2
27;SWZ;1
27;SYR;0
27;TCD;1
27;TGO;2
27;THA;0
27;TJK;1
27;TKM;1
27;TLS;0
27;TTO;0
27;TUN;0
27;TUR;2
27;TZA;1
27;UGA;1
27;UKR;2
27;URY;2
27;USA;0
27;UZB;0
27;VEN;1
27;VNM;2
27;YEM;1
27;ZAF;0
27;ZMB;1
27;ZWE;1
28;AFG;2
28;AGO;0
28;ALB;2
28;ARE;0
28;ARG;1
28;ARM;1
28;AUS;1
28;AUT;2
28;AZE;0
28;BDI;0
28;BEL;2
28;BEN;0
28;BFA;0
28;BGD;1
28;BGR;2
28;BHR;0
28;BIH;2
28;BLR;1
28;BOL;0
28;BRA;1
28;BWA;0
28;CAF;2
28;CAN;2
28;CHE;2
28;CHL;1
28;CHN;1
28;CIV;0
28;CMR;1
28;COD;0
28;COG;0
28;COL;1
28;CRI;1
28;CUB;1
28;CYP;0
28;CZE;2
28;DEU;2
28;DJI;1
28;DNK;2
28;DOM;1
28;DZA;0
28;ECU;0
28;EGY;1
28;ERI;2
28;ESP;2
28;EST;2
28;ETH;0
28;FIN;2
28;FRA;2
28;GAB;0
28;GBR;2
28;GEO;2
28;GHA;1
28;GIN;0
28;GMB;0
28;GNB;1
28;GNQ;0
28;GRC;2
28;GTM;1
28;HKG;1
28;HND;1
28;HRV;2
28;HTI;1
28;HUN;2
28;IDN;2
28;IND;1
28;IRL;2
28;IRN;0
28;IRQ;0
28;ISR;1
28;ITA;2
28;JAM;1
28;JOR;0
28;JPN;2
28;KAZ;0
28;KEN;0
28;KGZ;1
28;KHM;1
28;KOR;2
28;KWT;0
28;LAO;1
28;LBN;0
28;LBR;0
28;LBY;2
28;LKA;2
28;LSO;2
28;LTU;2
28;LVA;2
28;MAR;2
28;MDA;2
28;MDG;0
28;MEX;2
28;MKD;2
28;MLI;0
28;MMR;1
28;MNG;2
28;MOZ;0
28;MRT;2
28;MUS;0
28;MWI;0
28;MYS;1
28;NAM;0
28;NER;0
28;NGA;0
28;NIC;0
28;NLD;2
28;NOR;0
28;NPL;1
28;NZL;2
28;OMN;0
28;PAK;1
28;PAN;1
28;PER;1
28;PHL;1
28;PNG;0
28;POL;2
28;PRK;2
28;PRT;2
28;PRY;1
28;PSE;1
28;QAT;0
28;ROU;2
28;RUS;1
28;RWA;0
28;SAU;0
28;SDN;1
28;SEN;0
28;SGP;2
28;SLE;2
28;SLV;1
28;SOM;2
28;SRB;2
28;SSD;2
28;SVK;2
28;SVN;2
28;SWE;1
28;SWZ;0
28;SYR;1
28;TCD;0
28;TGO;1
28;THA;1
28;TJK;0
28;TKM;0
28;TLS;1
28;TTO;0
28;TUN;2
28;TUR;2
28;TZA;0
28;UGA;1
28;UKR;1
28;URY;1
28;USA;2
28;UZB;1
28;VEN;1
28;VNM;1
28;YEM;1
28;ZAF;0
28;ZMB;0
28;ZWE;1
29;AFG;2
29;AGO;1
29;ALB;0
29;ARE;2
29;ARG;1
29;ARM;1
29;AUS;1
29;AUT;2
29;AZE;0
29;BDI;0
29;BEL;2
29;BEN;0
29;BFA;0
29;BGD;2
29;BGR;2
29;BHR;1
29;BIH;1
29;BLR;1
29;BOL;0
29;BRA;0
29;BWA;0
29;CAF;2
29;CAN;2
29;CHE;2
29;CHL;0
29;CHN;2
29;CIV;0
29;CMR;0
29;COD;0
29;COG;0
29;COL;2
29;CRI;1
29;CUB;1
29;CYP;1
29;CZE;2
29;DEU;1
29;DJI;1
29;DNK;2
29;DOM;1
29;DZA;2
29;ECU;1
29;EGY;1
29;ERI;2
29;ESP;2
29;EST;2
29;ETH;0
29;FIN;1
29;FRA;2
29;GAB;0
29;GBR;0
29;GEO;0
29;GHA;0
29;GIN;0
29;GMB;1
29;GNB;1
29;GNQ;0
29;GRC;1
29;GTM;0
29;HKG;2
29;HND;1
29;HRV;2
29;HTI;1
29;HUN;2
29;IDN;2
29;IND;1
29;IRL;2
29;IRN;1
29;IRQ;1
29;ISR;1
29;ITA;2
29;JAM;1
29;JOR;2
29;JPN;2
29;KAZ;2
29;KEN;0
29;KGZ;1
29;KHM;1
29;KOR;2
29;KWT;0
29;LAO;1
29;LBN;2
29;LBR;0
29;LBY;0
29;LKA;2
29;LSO;0
29;LTU;2
29;LVA;2
29;MAR;2
29;MDA;1
29;MDG;0
29;MEX;2
29;MKD;2
29;MLI;0
29;MMR;1
29;MNG;0
29;MOZ;0
29;MRT;0
29;MUS;1
29;MWI;0
29;MYS;2
29;NAM;0
29;NER;0
29;NGA;2
29;NIC;0
29;NLD;2
29;NOR;1
29;NPL;1
29;NZL;2
29;OMN;0
29;PAK;1
29;PAN;1
29;PER;0
29;PHL;1
29;PNG;2
29;POL;2
29;PRK;0
29;PRT;2
29;PRY;1
29;PSE;2
29;QAT;0
29;ROU;2
29;RUS;1
29;RWA;0
29;SAU;1
29;SDN;1
29;SEN;0
29;SGP;1
29;SLE;0
29;SLV;1
29;SOM;2
29;SRB;2
29;SSD;0
29;SVK;2
29;SVN;2
29;SWE;1
29;SWZ;1
29;SYR;1
29;TCD;2
29;TGO;0
29;THA;2
29;TJK;0
29;TKM;0
29;TLS;1
29;TTO;2
29;TUN;2
29;TUR;2
29;TZA;0
29;UGA;0
29;UKR;2
29;URY;1
29;USA;2
29;UZB;1
29;VEN;1
29;VNM;1
29;YEM;1
29;ZAF;0
29;ZMB;0
29;ZWE;0
30;AFG;0
30;AGO;0
30;ALB;0
30;ARE;0
30;ARG;0
30;ARM;0
30;AUS;0
30;AUT;0
30;AZE;0
30;BDI;0
30;BEL;0
30;BEN;0
30;BFA;1
30;BGD;1
30;BGR;0
30;BHR;0
30;BIH;0
30;BLR;0
30;BOL;1
30;BRA;0
30;BWA;0
30;CAF;1
30;CAN;0
30;CHE;0
30;CHL;0
30;CHN;0
30;CIV;0
30;CMR;0
30;COD;1
30;COG;0
30;COL;0
30;CRI;0
30;CUB;1
30;CYP;0
30;CZE;0
30;DEU;0
30;DJI;0
30;DNK;0
30;DOM;1
30;DZA;1
30;ECU;0
30;EGY;0
30;ERI;1
30;ESP;0
30;EST;1
30;ETH;0
30;FIN;0
30;FRA;0
30;GAB;1
30;GBR;0
30;GEO;0
30;GHA;0
30;GIN;0
30;GMB;1
30;GNB;1
30;GNQ;1
30;GRC;0
30;GTM;0
30;HKG;1
30;HND;1
30;HRV;0
30;HTI;1
30;HUN;0
30;IDN;0
30;IND;0
30;IRL;0
30;IRN;0
30;IRQ;1
30;ISR;0
30;ITA;0
30;JAM;1
30;JOR;0
30;JPN;0
30;KAZ;0
30;KEN;0
30;KGZ;0
30;KHM;1
30;KOR;0
30;KWT;0
30;LAO;1
30;LBN;0
30;LBR;1
30;LBY;1
30;LKA;0
30;LSO;0
30;LTU;0
30;LVA;0
30;MAR;1
30;MDA;1
30;MDG;0
30;MEX;1
30;MKD;0
30;MLI;1
30;MMR;1
30;MNG;0
30;MOZ;0
30;MRT;1
30;MUS;0
30;MWI;1
30;MYS;0
30;NAM;0
30;NER;1
30;NGA;0
30;NIC;0
30;NLD;0
30;NOR;0
30;NPL;1
30;NZL;0
30;OMN;0
30;PAK;0
30;PAN;0
30;PER;0
30;PHL;0
30;PNG;0
30;POL;0
30;PRK;1
30;PRT;0
30;PRY;0
30;PSE;1
30;QAT;1
30;ROU;0
30;RUS;0
30;RWA;1
30;SAU;1
30;SDN;1
30;SEN;0
30;SGP;0
30;SLE;0
30;SLV;0
30;SOM;1
30;SRB;0
30;SSD;1
30;SVK;0
30;SVN;0
30;SWE;0
30;SWZ;0
30;SYR;1
30;TCD;1
30;TGO;0
30;THA;1
30;TJK;1
30;TKM;1
30;TLS;1
30;TTO;0
30;TUN;0
30;TUR;0
30;TZA;0
30;UGA;0
30;UKR;1
30;URY;0
30;USA;0
30;UZB;0
30;VEN;0
30;VNM;0
30;YEM;1
30;ZAF;0
30;ZMB;0
30;ZWE;1
31;AFG;1
31;AGO;1
31;ALB;1
31;ARE;2
31;ARG;2
31;ARM;0
31;AUS;1
31;AUT;1
31;AZE;2
31;BDI;0
31;BEL;1
31;BEN;0
31;BFA;0
31;BGD;0
31;BGR;1
31;BHR;0
31;BIH;2
31;BLR;2
31;BOL;0
31;BRA;2
31;BWA;2
31;CAF;2
31;CAN;1
31;CHE;1
31;CHL;0
31;CHN;1
31;CIV;0
31;CMR;2
31;COD;0
31;COG;0
31;COL;2
31;CRI;1
31;CUB;0
31;CYP;1
31;CZE;1
31;DEU;1
31;DJI;0
31;DNK;1
31;DOM;1
31;DZA;0
31;ECU;2
31;EGY;2
31;ERI;1
31;ESP;2
31;EST;1
31;ETH;0
31;FIN;1
31;FRA;1
31;GAB;1
31;GBR;1
31;GEO;1
31;GHA;0
31;GIN;0
31;GMB;0
31;GNB;1
31;GNQ;0
31;GRC;2
31;GTM;2
31;HKG;1
31;HND;2
31;HRV;2
31;HTI;0
31;HUN;1
31;IDN;1
31;IND;2
31;IRL;1
31;IRN;2
31;IRQ;2
31;ISR;1
31;ITA;1
31;JAM;1
31;JOR;0
31;JPN;1
31;KAZ;2
31;KEN;0
31;KGZ;0
31;KHM;1
31;KOR;1
31;KWT;0
31;LAO;2
31;LBN;2
31;LBR;0
31;LBY;0
31;LKA;1
31;LSO;0
31;LTU;1
31;LVA;1
31;MAR;1
31;MDA;1
31;MDG;0
31;MEX;1
31;MKD;2
31;MLI;2
31;MMR;1
31;MNG;0
31;MOZ;2
31;MRT;2
31;MUS;0
31;MWI;0
31;MYS;1
31;NAM;0
31;NER;0
31;NGA;0
31;NIC;0
31;NLD;1
31;NOR;2
31;NPL;0
31;NZL;1
31;OMN;2
31;PAK;2
31;PAN;2
31;PER;2
31;PHL;1
31;PNG;1
31;POL;2
31;PRK;1
31;PRT;2
31;PRY;2
31;PSE;1
31;QAT;0
31;ROU;1
31;RUS;2
31;RWA;1
31;SAU;2
31;SDN;2
31;SEN;0
31;SGP;1
31;SLE;0
31;SLV;2
31;SOM;0
31;SRB;1
31;SSD;0
31;SVK;1
31;SVN;1
31;SWE;1
31;SWZ;1
31;SYR;2
31;TCD;1
31;TGO;0
31;THA;1
31;TJK;1
31;TKM;1
31;TLS;1
31;TTO;2
31;TUN;1
31;TUR;2
31;TZA;0
31;UGA;0
31;UKR;2
31;URY;0
31;USA;1
31;UZB;2
31;VEN;2
31;VNM;1
31;YEM;0
31;ZAF;2
31;ZMB;0
31;ZWE;2
32;AFG;2
32;AGO;1
32;ALB;0
32;ARE;1
32;ARG;2
32;ARM;0
32;AUS;0
32;AUT;0
32;AZE;2
32;BDI;1
32;BEL;0
32;BEN;1
32;BFA;1
32;BGD;0
32;BGR;2
32;BHR;2
32;BIH;1
32;BLR;2
32;BOL;1
32;BRA;2
32;BWA;1
32;CAF;0
32;CAN;0
32;CHE;0
32;CHL;2
32;CHN;0
32;CIV;1
32;CMR;0
32;COD;1
32;COG;1
32;COL;1
32;CRI;2
32;CUB;1
32;CYP;1
32;CZE;2
32;DEU;0
32;DJI;1
32;DNK;0
32;DOM;2
32;DZA;1
32;ECU;1
32;EGY;1
32;ERI;1
32;ESP;0
32;EST;0
32;ETH;2
32;FIN;0
32;FRA;0
32;GAB;0
32;GBR;0
32;GEO;0
32;GHA;1
32;GIN;2
32;GMB;1
32;GNB;0
32;GNQ;1
32;GRC;1
32;GTM;2
32;HKG;0
32;HND;0
32;HRV;2
32;HTI;1
32;HUN;2
32;IDN;2
32;IND;2
32;IRL;2
32;IRN;0
32;IRQ;1
32;ISR;0
32;ITA;0
32;JAM;0
32;JOR;2
32;JPN;0
32;KAZ;0
32;KEN;0
32;KGZ;1
32;KHM;0
32;KOR;0
32;KWT;2
32;LAO;1
32;LBN;1
32;LBR;2
32;LBY;1
32;LKA;0
32;LSO;1
32;LTU;0
32;LVA;2
32;MAR;0
32;MDA;0
32;MDG;1
32;MEX;0
32;MKD;2
32;MLI;0
32;MMR;2
32;MNG;1
32;MOZ;1
32;MRT;2
32;MUS;1
32;MWI;2
32;MYS;0
32;NAM;2
32;NER;2
32;NGA;1
32;NIC;2
32;NLD;0
32;NOR;1
32;NPL;2
32;NZL;1
32;OMN;2
32;PAK;1
32;PAN;2
32;PER;1
32;PHL;0
32;PNG;1
32;POL;1
32;PRK;2
32;PRT;2
32;PRY;2
32;PSE;0
32;QAT;1
32;ROU;0
32;RUS;1
32;RWA;0
32;SAU;1
32;SDN;2
32;SEN;1
32;SGP;0
32;SLE;0
32;SLV;2
32;SOM;2
32;SRB;1
32;SSD;0
32;SVK;2
32;SVN;2
32;SWE;0
32;SWZ;1
32;SYR;2
32;TCD;0
32;TGO;2
32;THA;0
32;TJK;2
32;TKM;0
32;TLS;0
32;TTO;1
32;TUN;0
32;TUR;1
32;TZA;1
32;UGA;1
32;UKR;0
32;URY;1
32;USA;0
32;UZB;1
32;VEN;2
32;VNM;2
32;YEM;0
32;ZAF;1
32;ZMB;1
32;ZWE;1
33;AFG;2
33;AGO;2
33;ALB;1
33;ARE;0
33;ARG;0
33;ARM;1
33;AUS;1
33;AUT;2
33;AZE;2
33;BDI;0
33;BEL;0
33;BEN;2
33;BFA;2
33;BGD;1
33;BGR;1
33;BHR;0
33;BIH;1
33;BLR;1
33;BOL;2
33;BRA;0
33;BWA;2
33;CAF;0
33;CAN;2
33;CHE;0
33;CHL;0
33;CHN;1
33;CIV;2
33;CMR;2
33;COD;2
33;COG;2
33;COL;1
33;CRI;0
33;CUB;0
33;CYP;0
33;CZE;1
33;DEU;1
33;DJI;2
33;DNK;1
33;DOM;0
33;DZA;2
33;ECU;2
33;EGY;1
33;ERI;2
33;ESP;0
33;EST;1
33;ETH;2
33;FIN;2
33;FRA;0
33;GAB;2
33;GBR;2
33;GEO;0
33;GHA;2
33;GIN;2
33;GMB;0
33;GNB;2
33;GNQ;2
33;GRC;0
33;GTM;0
33;HKG;1
33;HND;1
33;HRV;0
33;HTI;1
33;HUN;1
33;IDN;1
33;IND;1
33;IRL;0
33;IRN;0
33;IRQ;0
33;ISR;1
33;ITA;0
33;JAM;0
33;JOR;0
33;JPN;1
33;KAZ;2
33;KEN;2
33;KGZ;0
33;KHM;1
33;KOR;1
33;KWT;2
33;LAO;1
33;LBN;0
33;LBR;2
33;LBY;2
33;LKA;1
33;LSO;2
33;LTU;1
33;LVA;0
33;MAR;2
33;MDA;1
33;MDG;1
33;MEX;1
33;MKD;0
33;MLI;1
33;MMR;1
33;MNG;2
33;MOZ;2
33;MRT;2
33;MUS;0
33;MWI;2
33;MYS;1
33;NAM;2
33;NER;2
33;NGA;2
33;NIC;1
33;NLD;0
33;NOR;2
33;NPL;0
33;NZL;1
33;OMN;0
33;PAK;0
33;PAN;0
33;PER;0
33;PHL;1
33;PNG;2
33;POL;1
33;PRK;0
33;PRT;0
33;PRY;1
33;PSE;1
33;QAT;2
33;ROU;1
33;RUS;1
33;RWA;2
33;SAU;0
33;SDN;0
33;SEN;2
33;SGP;0
33;SLE;1
33;SLV;1
33;SOM;0
33;SRB;1
33;SSD;1
33;SVK;1
33;SVN;1
33;SWE;1
33;SWZ;0
33;SYR;0
33;TCD;2
33;TGO;1
33;THA;1
33;TJK;2
33;TKM;2
33;TLS;1
33;TTO;2
33;TUN;0
33;TUR;1
33;TZA;2
33;UGA;2
33;UKR;2
33;URY;0
33;USA;1
33;UZB;2
33;VEN;0
33;VNM;1
33;YEM;1
33;ZAF;2
33;ZMB;2
33;ZWE;2
34;AFG;0
34;AGO;1
34;ALB;2
34;ARE;2
34;ARG;2
34;ARM;2
34;AUS;0
34;AUT;2
34;AZE;1
34;BDI;1
34;BEL;2
34;BEN;1
34;BFA;1
34;BGD;2
34;BGR;2
34;BHR;1
34;BIH;0
34;BLR;0
34;BOL;1
34;BRA;2
34;BWA;1
34;CAF;0
34;CAN;2
34;CHE;2
34;CHL;2
34;CHN;0
34;CIV;1
34;CMR;0
34;COD;1
34;COG;1
34;COL;1
34;CRI;0
34;CUB;0
34;CYP;0
34;CZE;2
34;DEU;2
34;DJI;2
34;DNK;0
34;DOM;0
34;DZA;0
34;ECU;0
34;EGY;1
34;ERI;2
34;ESP;2
34;EST;1
34;ETH;1
34;FIN;1
34;FRA;2
34;GAB;1
34;GBR;2
34;GEO;2
34;GHA;0
34;GIN;1
34;GMB;1
34;GNB;0
34;GNQ;1
34;GRC;2
34;GTM;1
34;HKG;1
34;HND;1
34;HRV;2
34;HTI;1
34;HUN;2
34;IDN;2
34;IND;2
34;IRL;0
34;IRN;2
34;IRQ;0
34;ISR;1
34;ITA;2
34;JAM;0
34;JOR;0
34;JPN;2
34;KAZ;2
34;KEN;1
34;KGZ;0
34;KHM;2
34;KOR;2
34;KWT;2
34;LAO;1
34;LBN;0
34;LBR;0
34;LBY;1
34;LKA;0
34;LSO;1
34;LTU;1
34;LVA;0
34;MAR;2
34;MDA;0
34;MDG;1
34;MEX;2
34;MKD;0
34;MLI;1
34;MMR;0
34;MNG;0
34;MOZ;1
34;MRT;2
34;MUS;1
34;MWI;1
34;MYS;2
34;NAM;1
34;NER;1
34;NGA;0
34;NIC;1
34;NLD;2
34;NOR;0
34;NPL;1
34;NZL;1
34;OMN;1
34;PAK;0
34;PAN;0
34;PER;0
34;PHL;0
34;PNG;0
34;POL;2
34;PRK;2
34;PRT;2
34;PRY;0
34;PSE;2
34;QAT;1
34;ROU;2
34;RUS;2
34;RWA;1
34;SAU;1
34;SDN;1
34;SEN;1
34;SGP;2
34;SLE;2
34;SLV;0
34;SOM;0
34;SRB;2
34;SSD;1
34;SVK;2
34;SVN;2
34;SWE;2
34;SWZ;1
34;SYR;0
34;TCD;0
34;TGO;1
34;THA;2
34;TJK;1
34;TKM;1
34;TLS;0
34;TTO;0
34;TUN;0
34;TUR;2
34;TZA;1
34;UGA;1
34;UKR;0
34;URY;2
34;USA;2
34;UZB;1
34;VEN;0
34;VNM;0
34;YEM;1
34;ZAF;2
34;ZMB;1
34;ZWE;1
35;AFG;2
35;AGO;0
35;ALB;1
35;ARE;0
35;ARG;0
35;ARM;2
35;AUS;0
35;AUT;1
35;AZE;0
35;BDI;1
35;BEL;1
35;BEN;1
35;BFA;2
35;BGD;0
35;BGR;1
35;BHR;0
35;BIH;1
35;BLR;1
35;BOL;2
35;BRA;2
35;BWA;2
35;CAF;0
35;CAN;2
35;CHE;2
35;CHL;0
35;CHN;1
35;CIV;0
35;CMR;0
35;COD;2
35;COG;0
35;COL;0
35;CRI;2
35;CUB;2
35;CYP;0
35;CZE;1
35;DEU;0
35;DJI;2
35;DNK;0
35;DOM;1
35;DZA;2
35;ECU;2
35;EGY;0
35;ERI;2
35;ESP;1
35;EST;0
35;ETH;2
35;FIN;0
35;FRA;2
35;GAB;0
35;GBR;2
35;GEO;1
35;GHA;1
35;GIN;2
35;GMB;2
35;GNB;1
35;GNQ;2
35;GRC;0
35;GTM;1
35;HKG;0
35;HND;1
35;HRV;1
35;HTI;2
35;HUN;1
35;IDN;1
35;IND;0
35;IRL;2
35;IRN;1
35;IRQ;2
35;ISR;0
35;ITA;1
35;JAM;2
35;JOR;2
35;JPN;1
35;KAZ;0
35;KEN;0
35;KGZ;1
35;KHM;1
35;KOR;0
35;KWT;2
35;LAO;2
35;LBN;2
35;LBR;0
35;LBY;2
35;LKA;0
35;LSO;2
35;LTU;1
35;LVA;0
35;MAR;2
35;MDA;1
35;MDG;2
35;MEX;1
35;MKD;1
35;MLI;2
35;MMR;1
35;MNG;2
35;MOZ;1
35;MRT;2
35;MUS;2
35;MWI;1
35;MYS;0
35;NAM;0
35;NER;2
35;NGA;2
35;NIC;1
35;NLD;0
35;NOR;0
35;NPL;2
35;NZL;0
35;OMN;0
35;PAK;0
35;PAN;0
35;PER;2
35;PHL;0
35;PNG;2
35;POL;0
35;PRK;0
35;PRT;1
35;PRY;2
35;PSE;2
35;QAT;0
35;ROU;0
35;RUS;0
35;RWA;1
35;SAU;0
35;SDN;2
35;SEN;2
35;SGP;0
35;SLE;1
35;SLV;1
35;SOM;2
35;SRB;0
35;SSD;2
35;SVK;1
35;SVN;1
35;SWE;0
35;SWZ;2
35;SYR;1
35;TCD;2
35;TGO;0
35;THA;0
35;TJK;0
35;TKM;0
35;TLS;2
35;TTO;1
35;TUN;1
35;TUR;0
35;TZA;0
35;UGA;1
35;UKR;0
35;URY;0
35;USA;2
35;UZB;2
35;VEN;1
35;VNM;1
35;YEM;0
35;ZAF;2
35;ZMB;1
35;ZWE;1
36;AFG;1
36;AGO;1
36;ALB;2
36;ARE;1
36;ARG;2
36;ARM;1
36;AUS;0
36;AUT;2
36;AZE;2
36;BDI;3
36;BEL;0
36;BEN;3
36;BFA;3
36;BGD;2
36;BGR;2
36;BHR;1
36;BIH;2
36;BLR;2
36;BOL;1
36;BRA;0
36;BWA;1
36;CAF;0
36;CAN;2
36;CHE;1
36;CHL;2
36;CHN;0
36;CIV;3
36;CMR;0
36;COD;1
36;COG;3
36;COL;3
36;CRI;3
36;CUB;3
36;CYP;2
36;CZE;2
36;DEU;2
36;DJI;0
36;DNK;2
36;DOM;1
36;DZA;3
36;ECU;3
36;EGY;2
36;ERI;0
36;ESP;2
36;EST;2
36;ETH;3
36;FIN;2
36;FRA;0
36;GAB;2
36;GBR;0
36;GEO;3
36;GHA;3
36;GIN;3
36;GMB;1
36;GNB;2
36;GNQ;2
36;GRC;2
36;GTM;2
36;HKG;1
36;HND;2
36;HRV;2
36;HTI;3
36;HUN;2
36;IDN;2
36;IND;1
36;IRL;0
36;IRN;3
36;IRQ;1
36;ISR;1
36;ITA;2
36;JAM;3
36;JOR;3
36;JPN;0
36;KAZ;0
36;KEN;3
36;KGZ;0
36;KHM;0
36;KOR;0
36;KWT;3
36;LAO;0
36;LBN;1
36;LBR;1
36;LBY;1
36;LKA;0
36;LSO;1
36;LTU;2
36;LVA;2
36;MAR;0
36;MDA;2
36;MDG;1
36;MEX;0
36;MKD;2
36;MLI;3
36;MMR;0
36;MNG;0
36;MOZ;1
36;MRT;1
36;MUS;1
36;MWI;0
36;MYS;2
36;NAM;1
36;NER;3
36;NGA;3
36;NIC;3
36;NLD;2
36;NOR;2
36;NPL;0
36;NZL;0
36;OMN;2
36;PAK;0
36;PAN;0
36;PER;3
36;PHL;0
36;PNG;0
36;POL;2
36;PRK;0
36;PRT;2
36;PRY;0
36;PSE;3
36;QAT;1
36;ROU;2
36;RUS;0
36;RWA;3
36;SAU;1
36;SDN;3
36;SEN;3
36;SGP;0
36;SLE;1
36;SLV;3
36;SOM;0
36;SRB;2
36;SSD;3
36;SVK;2
36;SVN;2
36;SWE;2
36;SWZ;1
36;SYR;3
36;TCD;1
36;TGO;3
36;THA;0
36;TJK;1
36;TKM;2
36;TLS;3
36;TTO;3
36;TUN;2
36;TUR;2
36;TZA;1
36;UGA;3
36;UKR;2
36;URY;0
36;USA;0
36;UZB;0
36;VEN;3
36;VNM;2
36;YEM;1
36;ZAF;2
36;ZMB;1
36;ZWE;1
